scenario,method,YT_mean,YT_std
baseline,raw,0.19651733277941358,0.03758270883936429
stress,raw,0.1022706710855602,0.005351824658075936
pandemic,raw,0.1902129455883027,0.029778484769316896
baseline,naive,0.1606488173576541,2.7755575615628914e-17
stress,naive,0.09317284808785807,1.3877787807814457e-17
pandemic,naive,0.09854014776391871,1.3877787807814457e-17
baseline,anchored,0.10931335597174761,1.3877787807814457e-17
stress,anchored,0.09001327611072121,1.3877787807814457e-17
pandemic,anchored,0.08384503418307786,0.0
